<?xml version="1.0" encoding="utf-8"?>
<annotation>
<folder>dolgonosik</folder>
<filename>dolgonosik 83</filename>
<path>E:\документы\dolgonosik\images\dolgonosik 83.jpg</path>
<source>
<database>Unknown</database>
</source>
<size>
<width>1279</width>
<height>1007</height>
<depth>3</depth>
</size>
<segmented>0</segmented>
<object>
<name>dolgonosik</name>
<pose>Unspecified</pose>
<truncated>0</truncated>
<difficult>0</difficult>
<bndbox>
<xmin>222</xmin>
<ymin>64</ymin>
<xmax>1045</xmax>
<ymax>932</ymax>
</bndbox>
</object>
</annotation>