<?xml version="1.0" encoding="utf-8"?>
<annotation>
<folder>dolgonosik</folder>
<filename>dolgonosik 54</filename>
<path>E:\документы\dolgonosik\images\dolgonosik 54.jpg</path>
<source>
<database>Unknown</database>
</source>
<size>
<width>1200</width>
<height>800</height>
<depth>3</depth>
</size>
<segmented>0</segmented>
<object>
<name>dolgonosik</name>
<pose>Unspecified</pose>
<truncated>0</truncated>
<difficult>0</difficult>
<bndbox>
<xmin>237</xmin>
<ymin>54</ymin>
<xmax>1069</xmax>
<ymax>714</ymax>
</bndbox>
</object>
</annotation>