<?xml version="1.0" encoding="utf-8"?>
<annotation>
<folder>dolgonosik</folder>
<filename>dolgonosik 10</filename>
<path>E:\документы\dolgonosik\images\dolgonosik 10.jpg</path>
<source>
<database>Unknown</database>
</source>
<size>
<width>1024</width>
<height>768</height>
<depth>3</depth>
</size>
<segmented>0</segmented>
<object>
<name>dolgonosik</name>
<pose>Unspecified</pose>
<truncated>0</truncated>
<difficult>0</difficult>
<bndbox>
<xmin>106</xmin>
<ymin>142</ymin>
<xmax>946</xmax>
<ymax>695</ymax>
</bndbox>
</object>
</annotation>