<?xml version="1.0" encoding="utf-8"?>
<annotation>
<folder>dolgonosik</folder>
<filename>dolgonosik 102</filename>
<path>E:\документы\dolgonosik\images\dolgonosik 102.jpg</path>
<source>
<database>Unknown</database>
</source>
<size>
<width>533</width>
<height>400</height>
<depth>3</depth>
</size>
<segmented>0</segmented>
<object>
<name>dolgonosik</name>
<pose>Unspecified</pose>
<truncated>0</truncated>
<difficult>0</difficult>
<bndbox>
<xmin>93</xmin>
<ymin>34</ymin>
<xmax>477</xmax>
<ymax>378</ymax>
</bndbox>
</object>
</annotation>