<?xml version="1.0" encoding="utf-8"?>
<annotation>
<folder>dolgonosik</folder>
<filename>dolgonosik 28</filename>
<path>E:\документы\dolgonosik\images\dolgonosik 28.jpg</path>
<source>
<database>Unknown</database>
</source>
<size>
<width>500</width>
<height>534</height>
<depth>3</depth>
</size>
<segmented>0</segmented>
<object>
<name>dolgonosik</name>
<pose>Unspecified</pose>
<truncated>0</truncated>
<difficult>0</difficult>
<bndbox>
<xmin>92</xmin>
<ymin>63</ymin>
<xmax>496</xmax>
<ymax>513</ymax>
</bndbox>
</object>
</annotation>