<?xml version="1.0" encoding="utf-8"?>
<annotation>
<folder>dolgonosik</folder>
<filename>dolgonosik 77</filename>
<path>E:\документы\dolgonosik\images\dolgonosik 77.jpg</path>
<source>
<database>Unknown</database>
</source>
<size>
<width>279</width>
<height>204</height>
<depth>3</depth>
</size>
<segmented>0</segmented>
<object>
<name>dolgonosik</name>
<pose>Unspecified</pose>
<truncated>0</truncated>
<difficult>0</difficult>
<bndbox>
<xmin>114</xmin>
<ymin>61</ymin>
<xmax>195</xmax>
<ymax>166</ymax>
</bndbox>
</object>
</annotation>