<?xml version="1.0" encoding="utf-8"?>
<annotation>
<folder>dolgonosik</folder>
<filename>dolgonosik 92</filename>
<path>E:\документы\dolgonosik\images\dolgonosik 92.jpg</path>
<source>
<database>Unknown</database>
</source>
<size>
<width>240</width>
<height>377</height>
<depth>1</depth>
</size>
<segmented>0</segmented>
<object>
<name>dolgonosik</name>
<pose>Unspecified</pose>
<truncated>1</truncated>
<difficult>0</difficult>
<bndbox>
<xmin>2</xmin>
<ymin>1</ymin>
<xmax>122</xmax>
<ymax>233</ymax>
</bndbox>
</object>
</annotation>