<?xml version="1.0" encoding="utf-8"?>
<annotation>
<folder>dolgonosik</folder>
<filename>dolgonosik 81</filename>
<path>E:\документы\dolgonosik\images\dolgonosik 81.jpg</path>
<source>
<database>Unknown</database>
</source>
<size>
<width>600</width>
<height>375</height>
<depth>3</depth>
</size>
<segmented>0</segmented>
<object>
<name>dolgonosik</name>
<pose>Unspecified</pose>
<truncated>0</truncated>
<difficult>0</difficult>
<bndbox>
<xmin>114</xmin>
<ymin>3</ymin>
<xmax>531</xmax>
<ymax>364</ymax>
</bndbox>
</object>
</annotation>