<?xml version="1.0" encoding="utf-8"?>
<annotation>
<folder>dolgonosik</folder>
<filename>dolgonosik 109</filename>
<path>E:\документы\dolgonosik\images\dolgonosik 109.jpg</path>
<source>
<database>Unknown</database>
</source>
<size>
<width>455</width>
<height>650</height>
<depth>3</depth>
</size>
<segmented>0</segmented>
<object>
<name>dolgonosik</name>
<pose>Unspecified</pose>
<truncated>0</truncated>
<difficult>0</difficult>
<bndbox>
<xmin>56</xmin>
<ymin>26</ymin>
<xmax>434</xmax>
<ymax>632</ymax>
</bndbox>
</object>
</annotation>