<?xml version="1.0" encoding="utf-8"?>
<annotation>
<folder>dolgonosik</folder>
<filename>dolgonosik 89</filename>
<path>E:\документы\dolgonosik\images\dolgonosik 89.jpg</path>
<source>
<database>Unknown</database>
</source>
<size>
<width>320</width>
<height>200</height>
<depth>3</depth>
</size>
<segmented>0</segmented>
<object>
<name>dolgonosik</name>
<pose>Unspecified</pose>
<truncated>0</truncated>
<difficult>0</difficult>
<bndbox>
<xmin>32</xmin>
<ymin>32</ymin>
<xmax>270</xmax>
<ymax>193</ymax>
</bndbox>
</object>
</annotation>