<?xml version="1.0" encoding="utf-8"?>
<annotation>
<folder>dolgonosik</folder>
<filename>dolgonosik 35</filename>
<path>E:\документы\dolgonosik\images\dolgonosik 35.jpg</path>
<source>
<database>Unknown</database>
</source>
<size>
<width>1012</width>
<height>676</height>
<depth>3</depth>
</size>
<segmented>0</segmented>
<object>
<name>dolgonosik</name>
<pose>Unspecified</pose>
<truncated>0</truncated>
<difficult>0</difficult>
<bndbox>
<xmin>175</xmin>
<ymin>123</ymin>
<xmax>854</xmax>
<ymax>641</ymax>
</bndbox>
</object>
</annotation>