<?xml version="1.0" encoding="utf-8"?>
<annotation>
<folder>dolgonosik</folder>
<filename>dolgonosik 120</filename>
<path>E:\документы\dolgonosik\images\dolgonosik 120.jpg</path>
<source>
<database>Unknown</database>
</source>
<size>
<width>1200</width>
<height>750</height>
<depth>3</depth>
</size>
<segmented>0</segmented>
<object>
<name>dolgonosik</name>
<pose>Unspecified</pose>
<truncated>1</truncated>
<difficult>0</difficult>
<bndbox>
<xmin>441</xmin>
<ymin>92</ymin>
<xmax>932</xmax>
<ymax>750</ymax>
</bndbox>
</object>
</annotation>