<?xml version="1.0" encoding="utf-8"?>
<annotation>
<folder>dolgonosik</folder>
<filename>dolgonosik 99</filename>
<path>E:\документы\dolgonosik\images\dolgonosik 99.jpg</path>
<source>
<database>Unknown</database>
</source>
<size>
<width>600</width>
<height>414</height>
<depth>3</depth>
</size>
<segmented>0</segmented>
<object>
<name>dolgonosik</name>
<pose>Unspecified</pose>
<truncated>0</truncated>
<difficult>0</difficult>
<bndbox>
<xmin>37</xmin>
<ymin>219</ymin>
<xmax>70</xmax>
<ymax>268</ymax>
</bndbox>
</object>
<object>
<name>dolgonosik</name>
<pose>Unspecified</pose>
<truncated>0</truncated>
<difficult>0</difficult>
<bndbox>
<xmin>102</xmin>
<ymin>203</ymin>
<xmax>145</xmax>
<ymax>300</ymax>
</bndbox>
</object>
<object>
<name>dolgonosik</name>
<pose>Unspecified</pose>
<truncated>0</truncated>
<difficult>0</difficult>
<bndbox>
<xmin>238</xmin>
<ymin>242</ymin>
<xmax>377</xmax>
<ymax>325</ymax>
</bndbox>
</object>
</annotation>