<?xml version="1.0" encoding="utf-8"?>
<annotation>
<folder>dolgonosik</folder>
<filename>dolgonosik 85</filename>
<path>E:\документы\dolgonosik\images\dolgonosik 85.jpg</path>
<source>
<database>Unknown</database>
</source>
<size>
<width>1920</width>
<height>1200</height>
<depth>3</depth>
</size>
<segmented>0</segmented>
<object>
<name>dolgonosik</name>
<pose>Unspecified</pose>
<truncated>1</truncated>
<difficult>0</difficult>
<bndbox>
<xmin>368</xmin>
<ymin>14</ymin>
<xmax>1707</xmax>
<ymax>1200</ymax>
</bndbox>
</object>
</annotation>