<?xml version="1.0" encoding="utf-8"?>
<annotation>
<folder>dolgonosik</folder>
<filename>dolgonosik 112</filename>
<path>E:\документы\dolgonosik\images\dolgonosik 112.jpg</path>
<source>
<database>Unknown</database>
</source>
<size>
<width>1280</width>
<height>720</height>
<depth>3</depth>
</size>
<segmented>0</segmented>
<object>
<name>dolgonosik</name>
<pose>Unspecified</pose>
<truncated>0</truncated>
<difficult>0</difficult>
<bndbox>
<xmin>648</xmin>
<ymin>62</ymin>
<xmax>990</xmax>
<ymax>323</ymax>
</bndbox>
</object>
<object>
<name>dolgonosik</name>
<pose>Unspecified</pose>
<truncated>0</truncated>
<difficult>0</difficult>
<bndbox>
<xmin>883</xmin>
<ymin>264</ymin>
<xmax>1165</xmax>
<ymax>494</ymax>
</bndbox>
</object>
</annotation>