<?xml version="1.0" encoding="utf-8"?>
<annotation>
<folder>dolgonosik</folder>
<filename>dolgonosik 47</filename>
<path>E:\документы\dolgonosik\images\dolgonosik 47.jpg</path>
<source>
<database>Unknown</database>
</source>
<size>
<width>1440</width>
<height>1080</height>
<depth>3</depth>
</size>
<segmented>0</segmented>
<object>
<name>dolgonosik</name>
<pose>Unspecified</pose>
<truncated>0</truncated>
<difficult>0</difficult>
<bndbox>
<xmin>488</xmin>
<ymin>351</ymin>
<xmax>677</xmax>
<ymax>562</ymax>
</bndbox>
</object>
</annotation>