<?xml version="1.0" encoding="utf-8"?>
<annotation>
<folder>dolgonosik</folder>
<filename>dolgonosik 24</filename>
<path>E:\документы\dolgonosik\images\dolgonosik 24.jpg</path>
<source>
<database>Unknown</database>
</source>
<size>
<width>1500</width>
<height>2098</height>
<depth>3</depth>
</size>
<segmented>0</segmented>
<object>
<name>dolgonosik</name>
<pose>Unspecified</pose>
<truncated>0</truncated>
<difficult>0</difficult>
<bndbox>
<xmin>64</xmin>
<ymin>77</ymin>
<xmax>1432</xmax>
<ymax>1999</ymax>
</bndbox>
</object>
</annotation>