<?xml version="1.0" encoding="utf-8"?>
<annotation>
<folder>dolgonosik</folder>
<filename>dolgonosik 105</filename>
<path>E:\документы\dolgonosik\images\dolgonosik 105.jpg</path>
<source>
<database>Unknown</database>
</source>
<size>
<width>357</width>
<height>268</height>
<depth>3</depth>
</size>
<segmented>0</segmented>
<object>
<name>dolgonosik</name>
<pose>Unspecified</pose>
<truncated>1</truncated>
<difficult>0</difficult>
<bndbox>
<xmin>8</xmin>
<ymin>17</ymin>
<xmax>308</xmax>
<ymax>268</ymax>
</bndbox>
</object>
</annotation>