<?xml version="1.0" encoding="utf-8"?>
<annotation>
<folder>dolgonosik</folder>
<filename>dolgonosik 02</filename>
<path>E:\документы\dolgonosik\images\dolgonosik 02.jpg</path>
<source>
<database>Unknown</database>
</source>
<size>
<width>1200</width>
<height>825</height>
<depth>3</depth>
</size>
<segmented>0</segmented>
<object>
<name>dolgonosik</name>
<pose>Unspecified</pose>
<truncated>0</truncated>
<difficult>0</difficult>
<bndbox>
<xmin>43</xmin>
<ymin>175</ymin>
<xmax>507</xmax>
<ymax>642</ymax>
</bndbox>
</object>
<object>
<name>dolgonosik</name>
<pose>Unspecified</pose>
<truncated>0</truncated>
<difficult>0</difficult>
<bndbox>
<xmin>643</xmin>
<ymin>42</ymin>
<xmax>1161</xmax>
<ymax>419</ymax>
</bndbox>
</object>
<object>
<name>dolgonosik</name>
<pose>Unspecified</pose>
<truncated>1</truncated>
<difficult>0</difficult>
<bndbox>
<xmin>632</xmin>
<ymin>514</ymin>
<xmax>1182</xmax>
<ymax>825</ymax>
</bndbox>
</object>
</annotation>