<?xml version="1.0" encoding="utf-8"?>
<annotation>
<folder>dolgonosik</folder>
<filename>dolgonosik 38</filename>
<path>E:\документы\dolgonosik\images\dolgonosik 38.jpg</path>
<source>
<database>Unknown</database>
</source>
<size>
<width>274</width>
<height>205</height>
<depth>3</depth>
</size>
<segmented>0</segmented>
<object>
<name>dolgonosik</name>
<pose>Unspecified</pose>
<truncated>0</truncated>
<difficult>0</difficult>
<bndbox>
<xmin>16</xmin>
<ymin>53</ymin>
<xmax>267</xmax>
<ymax>175</ymax>
</bndbox>
</object>
</annotation>