<?xml version="1.0" encoding="utf-8"?>
<annotation>
<folder>dolgonosik</folder>
<filename>dolgonosik 55</filename>
<path>E:\документы\dolgonosik\images\dolgonosik 55.jpg</path>
<source>
<database>Unknown</database>
</source>
<size>
<width>274</width>
<height>138</height>
<depth>3</depth>
</size>
<segmented>0</segmented>
<object>
<name>dolgonosik</name>
<pose>Unspecified</pose>
<truncated>0</truncated>
<difficult>0</difficult>
<bndbox>
<xmin>4</xmin>
<ymin>6</ymin>
<xmax>273</xmax>
<ymax>131</ymax>
</bndbox>
</object>
</annotation>