<?xml version="1.0" encoding="utf-8"?>
<annotation>
<folder>dolgonosik</folder>
<filename>dolgonosik 44</filename>
<path>E:\документы\dolgonosik\images\dolgonosik 44.jpg</path>
<source>
<database>Unknown</database>
</source>
<size>
<width>1200</width>
<height>1210</height>
<depth>3</depth>
</size>
<segmented>0</segmented>
<object>
<name>dolgonosik</name>
<pose>Unspecified</pose>
<truncated>0</truncated>
<difficult>0</difficult>
<bndbox>
<xmin>723</xmin>
<ymin>582</ymin>
<xmax>856</xmax>
<ymax>691</ymax>
</bndbox>
</object>
<object>
<name>dolgonosik</name>
<pose>Unspecified</pose>
<truncated>0</truncated>
<difficult>0</difficult>
<bndbox>
<xmin>698</xmin>
<ymin>642</ymin>
<xmax>883</xmax>
<ymax>754</ymax>
</bndbox>
</object>
</annotation>