<?xml version="1.0" encoding="utf-8"?>
<annotation>
<folder>dolgonosik</folder>
<filename>dolgonosik 32</filename>
<path>E:\документы\dolgonosik\images\dolgonosik 32.jpg</path>
<source>
<database>Unknown</database>
</source>
<size>
<width>275</width>
<height>385</height>
<depth>3</depth>
</size>
<segmented>0</segmented>
<object>
<name>dolgonosik</name>
<pose>Unspecified</pose>
<truncated>0</truncated>
<difficult>0</difficult>
<bndbox>
<xmin>51</xmin>
<ymin>30</ymin>
<xmax>239</xmax>
<ymax>361</ymax>
</bndbox>
</object>
</annotation>