<?xml version="1.0" encoding="utf-8"?>
<annotation>
<folder>dolgonosik</folder>
<filename>dolgonosik 33</filename>
<path>E:\документы\dolgonosik\images\dolgonosik 33.jpg</path>
<source>
<database>Unknown</database>
</source>
<size>
<width>275</width>
<height>183</height>
<depth>3</depth>
</size>
<segmented>0</segmented>
<object>
<name>dolgonosik</name>
<pose>Unspecified</pose>
<truncated>0</truncated>
<difficult>0</difficult>
<bndbox>
<xmin>22</xmin>
<ymin>36</ymin>
<xmax>235</xmax>
<ymax>159</ymax>
</bndbox>
</object>
</annotation>