<?xml version="1.0" encoding="utf-8"?>
<annotation>
<folder>dolgonosik</folder>
<filename>dolgonosik 27</filename>
<path>E:\документы\dolgonosik\images\dolgonosik 27.jpg</path>
<source>
<database>Unknown</database>
</source>
<size>
<width>1900</width>
<height>1908</height>
<depth>3</depth>
</size>
<segmented>0</segmented>
<object>
<name>dolgonosik</name>
<pose>Unspecified</pose>
<truncated>0</truncated>
<difficult>0</difficult>
<bndbox>
<xmin>426</xmin>
<ymin>381</ymin>
<xmax>1675</xmax>
<ymax>1609</ymax>
</bndbox>
</object>
</annotation>