<?xml version="1.0" encoding="utf-8"?>
<annotation>
<folder>dolgonosik</folder>
<filename>dolgonosik 79</filename>
<path>E:\документы\dolgonosik\images\dolgonosik 79.jpg</path>
<source>
<database>Unknown</database>
</source>
<size>
<width>500</width>
<height>372</height>
<depth>3</depth>
</size>
<segmented>0</segmented>
<object>
<name>dolgonosik</name>
<pose>Unspecified</pose>
<truncated>0</truncated>
<difficult>0</difficult>
<bndbox>
<xmin>18</xmin>
<ymin>13</ymin>
<xmax>180</xmax>
<ymax>289</ymax>
</bndbox>
</object>
</annotation>