<?xml version="1.0" encoding="utf-8"?>
<annotation>
<folder>dolgonosik</folder>
<filename>dolgonosik 31</filename>
<path>E:\документы\dolgonosik\images\dolgonosik 31.jpg</path>
<source>
<database>Unknown</database>
</source>
<size>
<width>468</width>
<height>390</height>
<depth>3</depth>
</size>
<segmented>0</segmented>
<object>
<name>dolgonosik</name>
<pose>Unspecified</pose>
<truncated>0</truncated>
<difficult>0</difficult>
<bndbox>
<xmin>49</xmin>
<ymin>27</ymin>
<xmax>429</xmax>
<ymax>361</ymax>
</bndbox>
</object>
</annotation>