<?xml version="1.0" encoding="utf-8"?>
<annotation>
<folder>dolgonosik</folder>
<filename>dolgonosik 122</filename>
<path>E:\документы\dolgonosik\images\dolgonosik 122.jpg</path>
<source>
<database>Unknown</database>
</source>
<size>
<width>480</width>
<height>360</height>
<depth>3</depth>
</size>
<segmented>0</segmented>
<object>
<name>dolgonosik</name>
<pose>Unspecified</pose>
<truncated>0</truncated>
<difficult>0</difficult>
<bndbox>
<xmin>151</xmin>
<ymin>114</ymin>
<xmax>417</xmax>
<ymax>262</ymax>
</bndbox>
</object>
</annotation>