<?xml version="1.0" encoding="utf-8"?>
<annotation>
<folder>dolgonosik</folder>
<filename>dolgonosik 46</filename>
<path>E:\документы\dolgonosik\images\dolgonosik 46.jpg</path>
<source>
<database>Unknown</database>
</source>
<size>
<width>164</width>
<height>260</height>
<depth>3</depth>
</size>
<segmented>0</segmented>
<object>
<name>dolgonosik</name>
<pose>Unspecified</pose>
<truncated>1</truncated>
<difficult>0</difficult>
<bndbox>
<xmin>11</xmin>
<ymin>3</ymin>
<xmax>159</xmax>
<ymax>260</ymax>
</bndbox>
</object>
</annotation>