<?xml version="1.0" encoding="utf-8"?>
<annotation>
<folder>dolgonosik</folder>
<filename>dolgonosik 03</filename>
<path>E:\документы\dolgonosik\images\dolgonosik 03.jpg</path>
<source>
<database>Unknown</database>
</source>
<size>
<width>600</width>
<height>400</height>
<depth>3</depth>
</size>
<segmented>0</segmented>
<object>
<name>dolgonosik</name>
<pose>Unspecified</pose>
<truncated>0</truncated>
<difficult>0</difficult>
<bndbox>
<xmin>210</xmin>
<ymin>25</ymin>
<xmax>479</xmax>
<ymax>310</ymax>
</bndbox>
</object>
</annotation>