<?xml version="1.0" encoding="utf-8"?>
<annotation>
<folder>dolgonosik</folder>
<filename>dolgonosik 60</filename>
<path>E:\документы\dolgonosik\images\dolgonosik 60.jpg</path>
<source>
<database>Unknown</database>
</source>
<size>
<width>900</width>
<height>592</height>
<depth>3</depth>
</size>
<segmented>0</segmented>
<object>
<name>dolgonosik</name>
<pose>Unspecified</pose>
<truncated>0</truncated>
<difficult>0</difficult>
<bndbox>
<xmin>85</xmin>
<ymin>72</ymin>
<xmax>866</xmax>
<ymax>435</ymax>
</bndbox>
</object>
</annotation>