<?xml version="1.0" encoding="utf-8"?>
<annotation>
<folder>dolgonosik</folder>
<filename>dolgonosik 34</filename>
<path>E:\документы\dolgonosik\images\dolgonosik 34.jpg</path>
<source>
<database>Unknown</database>
</source>
<size>
<width>800</width>
<height>514</height>
<depth>3</depth>
</size>
<segmented>0</segmented>
<object>
<name>dolgonosik</name>
<pose>Unspecified</pose>
<truncated>0</truncated>
<difficult>0</difficult>
<bndbox>
<xmin>178</xmin>
<ymin>46</ymin>
<xmax>634</xmax>
<ymax>504</ymax>
</bndbox>
</object>
</annotation>