<?xml version="1.0" encoding="utf-8"?>
<annotation>
<folder>dolgonosik</folder>
<filename>dolgonosik 121</filename>
<path>E:\документы\dolgonosik\images\dolgonosik 121.jpg</path>
<source>
<database>Unknown</database>
</source>
<size>
<width>1024</width>
<height>683</height>
<depth>3</depth>
</size>
<segmented>0</segmented>
<object>
<name>dolgonosik</name>
<pose>Unspecified</pose>
<truncated>0</truncated>
<difficult>0</difficult>
<bndbox>
<xmin>139</xmin>
<ymin>92</ymin>
<xmax>962</xmax>
<ymax>642</ymax>
</bndbox>
</object>
</annotation>