<?xml version="1.0" encoding="utf-8"?>
<annotation>
<folder>dolgonosik</folder>
<filename>dolgonosik 37</filename>
<path>E:\документы\dolgonosik\images\dolgonosik 37.jpg</path>
<source>
<database>Unknown</database>
</source>
<size>
<width>600</width>
<height>480</height>
<depth>3</depth>
</size>
<segmented>0</segmented>
<object>
<name>dolgonosik</name>
<pose>Unspecified</pose>
<truncated>0</truncated>
<difficult>0</difficult>
<bndbox>
<xmin>116</xmin>
<ymin>50</ymin>
<xmax>575</xmax>
<ymax>398</ymax>
</bndbox>
</object>
</annotation>