<?xml version="1.0" encoding="utf-8"?>
<annotation>
<folder>dolgonosik</folder>
<filename>dolgonosik 71</filename>
<path>E:\документы\dolgonosik\images\dolgonosik 71.jpg</path>
<source>
<database>Unknown</database>
</source>
<size>
<width>300</width>
<height>223</height>
<depth>3</depth>
</size>
<segmented>0</segmented>
<object>
<name>dolgonosik</name>
<pose>Unspecified</pose>
<truncated>0</truncated>
<difficult>0</difficult>
<bndbox>
<xmin>117</xmin>
<ymin>76</ymin>
<xmax>234</xmax>
<ymax>197</ymax>
</bndbox>
</object>
</annotation>