<?xml version="1.0" encoding="utf-8"?>
<annotation>
<folder>dolgonosik</folder>
<filename>dolgonosik 114</filename>
<path>E:\документы\dolgonosik\images\dolgonosik 114.jpg</path>
<source>
<database>Unknown</database>
</source>
<size>
<width>720</width>
<height>480</height>
<depth>3</depth>
</size>
<segmented>0</segmented>
<object>
<name>dolgonosik</name>
<pose>Unspecified</pose>
<truncated>0</truncated>
<difficult>0</difficult>
<bndbox>
<xmin>65</xmin>
<ymin>20</ymin>
<xmax>613</xmax>
<ymax>472</ymax>
</bndbox>
</object>
</annotation>