<?xml version="1.0" encoding="utf-8"?>
<annotation>
<folder>dolgonosik</folder>
<filename>dolgonosik 50</filename>
<path>E:\документы\dolgonosik\images\dolgonosik 50.jpg</path>
<source>
<database>Unknown</database>
</source>
<size>
<width>300</width>
<height>225</height>
<depth>3</depth>
</size>
<segmented>0</segmented>
<object>
<name>dolgonosik</name>
<pose>Unspecified</pose>
<truncated>0</truncated>
<difficult>0</difficult>
<bndbox>
<xmin>129</xmin>
<ymin>127</ymin>
<xmax>145</xmax>
<ymax>151</ymax>
</bndbox>
</object>
</annotation>