<?xml version="1.0" encoding="utf-8"?>
<annotation>
<folder>dolgonosik</folder>
<filename>dolgonosik 39</filename>
<path>E:\документы\dolgonosik\images\dolgonosik 39.jpg</path>
<source>
<database>Unknown</database>
</source>
<size>
<width>159</width>
<height>263</height>
<depth>3</depth>
</size>
<segmented>0</segmented>
<object>
<name>dolgonosik</name>
<pose>Unspecified</pose>
<truncated>1</truncated>
<difficult>0</difficult>
<bndbox>
<xmin>12</xmin>
<ymin>7</ymin>
<xmax>148</xmax>
<ymax>263</ymax>
</bndbox>
</object>
</annotation>