<?xml version="1.0" encoding="utf-8"?>
<annotation>
<folder>dolgonosik</folder>
<filename>dolgonosik 73</filename>
<path>E:\документы\dolgonosik\images\dolgonosik 73.jpg</path>
<source>
<database>Unknown</database>
</source>
<size>
<width>990</width>
<height>667</height>
<depth>3</depth>
</size>
<segmented>0</segmented>
<object>
<name>dolgonosik</name>
<pose>Unspecified</pose>
<truncated>1</truncated>
<difficult>0</difficult>
<bndbox>
<xmin>13</xmin>
<ymin>3</ymin>
<xmax>986</xmax>
<ymax>667</ymax>
</bndbox>
</object>
</annotation>